day,temp_c
1,7.532
2,7.509
3,7.810
4,8.187
5,7.847
6,7.713
7,8.161
8,8.682
9,8.829
10,8.004
11,8.793
12,8.783
13,8.849
14,8.889
15,8.809
16,8.361
17,8.887
18,8.751
19,8.451
20,9.348
21,8.495
22,8.778
23,8.736
24,8.883
25,9.033
26,9.631
27,9.694
28,9.798
29,9.006
30,9.634
31,9.746
32,9.054
33,9.337
34,9.510
35,9.900
36,9.230
37,9.886
38,9.770
39,9.635
40,9.388
41,10.114
42,10.233
43,9.433
44,9.820
45,9.474
46,10.462
47,10.690
48,10.115
49,10.667
50,9.975
51,10.697
52,10.255
53,10.825
54,9.877
55,10.006
56,11.036
57,10.865
58,10.151
59,10.750
60,10.810
